New,Old
NICHOLAS FORD,NICK FORD
,MARVIN LUCKMAN
,ANGELA PETRONE
NICHOLAS FORD,FORD
,PEGGY CHIAMPAS
MAURICIO ARAUJO,ARAUJO
,MAURICIO ARAUJO
,NICHOLAS FORD
JAMES OHARA,OHARA
,KATHLEEN PANOZZO
,GLORIA CHEVERE
,URSULA WALOWSKI
JAMES OHARA,O'HARA
,DANIEL GALLAGHER
,LAURA SULLIVAN
,SANDRA RAMOS
,DONALD PANARESE
,JAMES OHARA
URSULA WALOWSKI,WALOWSKI
,JAMES RYAN
ELIZABETH HAYES,HAYES
SANDRA RAMOS,RAMOS
,JAMES BROWN
,JOHN LYKE
,ELIZABETH HAYES
MAURICIO ARAUJO,M ARAUJO
,MICHELLE JORDAN
DANIEL GALLAGHER,GALLAGHER
,CHEVERE
NICHOLAS FORD,N FORD
,DAVID NAVARRO
,PETER GONZALEZ
EDWARD MALONEY,MALONEY
PEGGY CHIAMPAS,CHIAMPAS
,ROBERT KUZAS
LAURA SULLIVAN,SULLIVAN
,ANNIE O'DONNELL
,EDWARD MALONEY
ANGELA PETRONE,PETRONE
,CARL BOYD
,ANTHONY CALABRESE
PEGGY CHIAMPAS,PEGGY CHAMPAS
ROBERT KUZAS,KUZAS
JAMES RYAN,RYAN
,KATHLEEN PANAZZO
JAMES SHAPIRO,SHAPIRO
,RICKEY JONES
,WILLIAM RAINES
,CLARENCE BURCH
MARVIN LUCKMAN,LUCKMAN
PEGGY CHIAMPAS,CHAMPAS
GLORIA CHEVERE,G CHEVERE
,PATRICK COUGHLIN
JAMES OHARA,OHARE
JAMES OHARA,J OHARA
,KENNETH FLETCHER
ANGELA PETRONE,ANGELA PATRONE
,ADRIENNE DAVIS
ELIZABETH HAYES,E HAYES
,JAMES O'HARA
LAURA SULLIVAN,L SULLIVAN
,SANTIAGO
,ANNIE ODONNELL
,SOPHIA ATCHERSON
KENNETH FLETCHER,FLETCHER
,STEVEN WATKINS
,DIANE CANNON
,THOMAS CARROLL
ISRAEL DESIERTO,DESIERTO
PEGGY CHIAMPAS,P CHIAMPAS
,MICHAEL CLANCY
,TOMMY BREWER
SANDRA RAMOS,S RAMOS
,MARIA KURIAKOS CIESIL
,THOMAS BYRNE
,DOMENICA STEPHENSON
ANGELA PETRONE,PATRONE
,WILLIAM GAMBONEY
PEGGY CHIAMPAS,PEGGY CHAMPIS
DONALD HAVIS,HAVIS
,STEPHENSON
,SHAUNA BOLIKER
,KATHLEEN ANN PANOZZO
CARL BOYD,BOYD
,MARYAM AHMAD
DIANE CANNON,CANNON
ANTHONY CALABRESE,CALABRESE
ANGELA PETRONE,A PETRONE
BEATRIZ SANTIAGO,B SANTIAGO
DONALD PANARESE,PANARESE
,CARROLL
,WILSON
,ADAM BOURGEOIS
